<?xml version="1.0" encoding="UTF-8"?>
<project-private xmlns="http://www.netbeans.org/ns/project-private/1">
    <editor-bookmarks xmlns="http://www.netbeans.org/ns/editor-bookmarks/2" lastBookmarkId="0"/>
    <open-files xmlns="http://www.netbeans.org/ns/projectui-open-files/2">
        <group>
            <file>file:/D:/PBO/JavaApplication18/src/javaapplication18/Data.java</file>
            <file>file:/D:/PBO/JavaApplication18/src/javaapplication18/ControllerDaftar.java</file>
            <file>file:/D:/PBO/JavaApplication18/src/javaapplication18/Login.java</file>
            <file>file:/D:/PBO/JavaApplication18/src/javaapplication18/ViewLogin.java</file>
            <file>file:/D:/PBO/JavaApplication18/src/javaapplication18/Jadwal.java</file>
            <file>file:/D:/PBO/JavaApplication18/src/javaapplication18/ModelDaftar.java</file>
            <file>file:/D:/PBO/JavaApplication18/src/javaapplication18/ListenerJadwal.java</file>
            <file>file:/D:/PBO/JavaApplication18/src/javaapplication18/ListenerDaftar.java</file>
            <file>file:/D:/PBO/JavaApplication18/src/javaapplication18/ViewData.java</file>
            <file>file:/D:/PBO/JavaApplication18/src/javaapplication18/ModelData.java</file>
            <file>file:/D:/PBO/JavaApplication18/src/javaapplication18/ControllerData.java</file>
            <file>file:/D:/PBO/JavaApplication18/src/javaapplication18/ModelJadwal.java</file>
            <file>file:/D:/PBO/JavaApplication18/src/javaapplication18/InputJadwal.java</file>
            <file>file:/D:/PBO/JavaApplication18/src/javaapplication18/ControllerJadwal.java</file>
            <file>file:/D:/PBO/JavaApplication18/src/javaapplication18/InputData.java</file>
        </group>
    </open-files>
</project-private>
